,Subject,k,z1,z2,z3,zNW,a0/BA,a1/BS,x0,sz,nondectime,l,m1,m2,m3,mNW,BA,BS,x0,sz,nondectime,"LogLoss (nlDDM, train)","LogLoss (OU, train)","BIC (nlDDM, train)","BIC (OU, train)","LogLoss (nlDDM, test)","LogLoss (OU, test)","BIC (nlDDM, test)","BIC (OU, test)",# train samples,# test samples
0,13.0,8.750155900165673,-0.7655385343977402,-0.6151146416239386,-0.4378961662115248,-0.670454605311949,0.7750002219249328,1.055599057627513,-0.26899970286946717,0.7793841847851782,0.2814267402074003,0.10911690707317558,0.6207210294432112,0.51824243758729,0.26032485111050696,0.47078196021397845,0.24728370674127742,0.17267623953523348,-0.061620244246798794,0.052480337963589585,0.32065232211296096,25.522894270897684,95.15012854943521,124.24443783988508,263.49890639696014,108.48942418229244,110.12750139920475,276.32779032078076,279.6039447546054,1510.0,378.0
