,Subject,k,z1,z2,z3,zNW,a0/BA,a1/BS,x0,sz,nondectime,l,m1,m2,m3,mNW,BA,BS,x0,sz,nondectime,"LogLoss (nlDDM, train)","LogLoss (OU, train)","BIC (nlDDM, train)","BIC (OU, train)","LogLoss (nlDDM, test)","LogLoss (OU, test)","BIC (nlDDM, test)","BIC (OU, test)",# train samples,# test samples
0,6.0,9.560830970805824,-0.8863419096127707,-0.8015652377115585,-0.7634566150299844,-0.8015327840638272,1.0335148388575726,1.245071224202304,-0.7043210780223064,0.35917420088259777,0.15991308801303245,0.1,1.0622443845127676,0.8179640278385858,0.6309313888340096,0.8112350817921403,0.2577592057351228,0.17528313646128701,-0.39192980839375524,0.008056384824370544,0.23411681325878203,-419.88470807121973,-191.95455134863613,-766.4195973537213,-310.5592839085541,-68.91252439752992,-36.581401904037016,-78.31862326918258,-13.656378282196762,1533.0,384.0
