,Subject,k,z1,z2,z3,zNW,a0/BA,a1/BS,x0,sz,nondectime,l,m1,m2,m3,mNW,BA,BS,x0,sz,nondectime,"LogLoss (nlDDM, train)","LogLoss (OU, train)","BIC (nlDDM, train)","BIC (OU, train)","LogLoss (nlDDM, test)","LogLoss (OU, test)","BIC (nlDDM, test)","BIC (OU, test)",# train samples,# test samples
0,7.0,9.862803529285634,-0.7616683896859219,-0.6847239699190669,-0.661155237564006,-0.7304771870632307,0.950796898952196,1.0747384939411584,-0.6282554853688126,0.2928424974239776,0.10975379435008331,0.1001061427372738,0.8607625979442117,0.5644137822278683,0.4234876195306674,0.6378447495006796,0.2440469981231148,0.18589985083930838,-0.34552115246681514,0.007046225634851966,0.20250184601953342,-112.22541387359135,48.49273485737513,-151.10753424417732,170.32876321775564,-5.143466763773295,37.070692808700244,49.19341636425986,133.62173550920693,1532.0,383.0
