,Subject,k,z1,z2,z3,zNW,a0/BA,a1/BS,x0,sz,nondectime,l,m1,m2,m3,mNW,BA,BS,x0,sz,nondectime,"LogLoss (nlDDM, train)","LogLoss (OU, train)","BIC (nlDDM, train)","BIC (OU, train)","LogLoss (nlDDM, test)","LogLoss (OU, test)","BIC (nlDDM, test)","BIC (OU, test)",# train samples,# test samples
0,9.0,7.582087734971398,-0.8044865802327309,-0.688953712063139,-0.597453558487651,-0.7091508415315138,0.920555388477214,1.182760221215591,-0.4696842779003797,0.48041435647619884,0.2416893438407363,0.10005186661450605,0.7359174687229704,0.5992452707726699,0.26452342351735947,0.6469973736585457,0.2708030081813475,0.15207269749674346,0.04568941551254424,0.04740085071094757,0.37844727416720947,-401.1612619001929,-313.652516312266,-729.0053741031212,-553.9878829272674,-70.62572063856227,-38.281090176159466,-81.77109138531809,-17.081830460512478,1528.0,383.0
