,Subject,k,z1,z2,z3,zNW,a0/BA,a1/BS,x0,sz,nondectime,l,m1,m2,m3,mNW,BA,BS,x0,sz,nondectime,"LogLoss (nlDDM, train)","LogLoss (OU, train)","BIC (nlDDM, train)","BIC (OU, train)","LogLoss (nlDDM, test)","LogLoss (OU, test)","BIC (nlDDM, test)","BIC (OU, test)",# train samples,# test samples
0,10.0,9.799740532086508,-0.9310824123500987,-0.7813662916269413,-0.7533453804638814,-0.836976070749814,1.0195574358220825,1.2830119516973033,-0.6538706331092139,0.5690032806727611,0.21066834825688718,0.10993490442003928,1.16420539566258,0.745240133905253,0.6338063236275531,0.786582257428007,0.23420244438245907,0.14792855459963627,-0.24198594598238643,0.009464127255381927,0.28032851083329313,-713.4940643460451,-714.1814940640388,-1353.618759555014,-1354.9936189910015,-133.1662285682527,-132.53011598903674,-206.82603161062815,-205.55380645219623,1536.0,384.0
