,Subject,k,z1,z2,z3,zNW,a0/BA,a1/BS,x0,sz,nondectime,l,m1,m2,m3,mNW,BA,BS,x0,sz,nondectime,"LogLoss (nlDDM, train)","LogLoss (OU, train)","BIC (nlDDM, train)","BIC (OU, train)","LogLoss (nlDDM, test)","LogLoss (OU, test)","BIC (nlDDM, test)","BIC (OU, test)",# train samples,# test samples
0,4.0,8.251998257574506,-0.9960338463724617,-0.804546684889547,-0.695586505118268,-0.8630939594111413,0.9898132864893894,1.3451821062905427,-0.2037291627048602,0.907381150085845,0.3005799276875679,0.23279058149006726,1.0952611713093234,1.0074815045290961,0.6654878750697852,0.8516509185877279,0.21480769471235073,0.13938845147811874,-0.13684039025860406,0.20780660548725005,0.32255717606672796,-1352.4870509672128,-1368.229808955389,-2629.3785069743485,-2660.864022950701,-1352.4870509672128,-1368.229808955389,-2629.3785069743485,-2660.864022950701,1919.0,1919.0
