,Subject,k,z1,z2,z3,zNW,a0/BA,a1/BS,x0,sz,nondectime,l,m1,m2,m3,mNW,BA,BS,x0,sz,nondectime,"LogLoss (nlDDM, train)","LogLoss (OU, train)","BIC (nlDDM, train)","BIC (OU, train)","LogLoss (nlDDM, test)","LogLoss (OU, test)","BIC (nlDDM, test)","BIC (OU, test)",# train samples,# test samples
0,5.0,9.148752417001651,-0.9877592528452356,-0.8746613332225186,-0.7830919136128377,-0.8391067258748803,1.0409638827655368,1.3999999920054065,-0.6786132412044392,0.38439938247699856,0.24279672977906497,0.1542720109207707,1.467940504578753,1.1866876141046667,0.8383279402276491,1.040009257790084,0.2897774577155845,0.15438874642330358,-0.2942536814721127,0.015706047523740607,0.3125991982196021,-1442.3407314431477,-1297.4491360686957,-2809.080658236077,-2519.297467487173,-1442.3407314431477,-1297.4491360686957,-2809.080658236077,-2519.297467487173,1920.0,1920.0
