,Subject,k,z1,z2,z3,zNW,a0/BA,a1/BS,x0,sz,nondectime,l,m1,m2,m3,mNW,BA,BS,x0,sz,nondectime,"LogLoss (nlDDM, train)","LogLoss (OU, train)","BIC (nlDDM, train)","BIC (OU, train)","LogLoss (nlDDM, test)","LogLoss (OU, test)","BIC (nlDDM, test)","BIC (OU, test)",# train samples,# test samples
0,15.0,6.608586929567175,-0.8931132473890935,-0.7090739429244763,-0.5460953833997537,-0.7350523706248226,0.8222960089536053,1.292258849965493,-0.3791736165483739,0.7629629071856061,0.27693798560566063,0.1,0.9036734459091146,0.6961801887102208,0.46433683715029006,0.7108087943011803,0.30314558352584164,0.15230503323652478,-0.19715659844023858,0.030872483785848448,0.3393807817813177,-157.74484461217298,-157.36879081390367,-242.1398704356278,-241.3877628390892,44.09900434735205,131.96057865793026,147.70443422058136,323.4275828417378,1533.0,384.0
