,Subject,k1,k2,k3,k4,k5,z1,z2,z3,zNW,a0/BA,a1/BS,x0,sz,nondectime,vNW,v1,v2,v3,BA1,BA2,BA3,BA4,BA5,BS1,BS2,BS3,BS4,BS5,x0,sz,nondectime
0,8.0,6.734518291368602,7.197350739680072,7.941105315126099,9.177895140540942,9.797680391980553,-0.5544210547340356,-0.3103305023862789,-0.1681113505938162,-0.3520058861305735,0.559816423456442,0.18914558503736068,-0.01834414334575052,0.13105406223681276,0.1752975076886668,0.46898647123450515,0.6401035189265997,0.3585977103108691,0.1848418952950263,0.4055313968446964,0.4112211986747032,0.3587595198185677,0.34937770025949333,0.29549229098820856,0.22457518144821415,0.23500322701691306,0.20501837728897748,0.20132642838230635,0.15621045582347576,-0.23810190353563265,0.08479686389859548,0.1771347853719485
