,Subject,LogLoss (nlDDM),LogLoss (DDM),"BIC (nlDDM, bounded SP)",BIC (DDM),Perf (nlDDM),Perf (DDM)
0,17.0,-627.0113328242344,-495.4525874618544,-1170.867511192384,-907.7500204676242,0.0,0.0
