,Subject,LogLoss (nlDDM),LogLoss (DDM),"BIC (nlDDM, bounded SP)",BIC (DDM),Perf (nlDDM),Perf (DDM)
0,1.0,-1048.3696709198387,-944.910516114273,-2013.5784567244373,-1806.660147113306,0.0,0.0
