,Subject,LogLoss (nlDDM),LogLoss (DDM),"BIC (nlDDM, bounded SP)",BIC (DDM),Perf (nlDDM),Perf (DDM)
0,2.0,-179.09835020174398,-273.25788149386625,-258.07827952627156,-426.37365793507286,0.0,0.0
