,Subject,LogLoss (nlDDM),LogLoss (DDM),"BIC (nlDDM, bounded SP)",BIC (DDM),Perf (nlDDM),Perf (DDM)
0,5.0,-1464.6581189714466,-1246.1727927929087,-2823.4751114325877,-2363.8242176804465,0.18197099541193587,0.208542879296361
