,Subject,LogLoss (nlDDM),LogLoss (DDM),"BIC (nlDDM, bounded SP)",BIC (DDM),Perf (nlDDM),Perf (DDM)
0,13.0,77.14143937406382,198.2687413765437,237.25888556188755,479.5134895668473,0.0,0.0
