,Subject,LogLoss (nlDDM),LogLoss (DDM),"BIC (nlDDM, bounded SP)",BIC (DDM),Perf (nlDDM),Perf (DDM)
0,16.0,455.33745321205794,349.4267355611585,993.7552893504715,781.9338540486726,0.0,0.0
