,Subject,LogLoss (nlDDM),LogLoss (DDM),"BIC (nlDDM, bounded SP)",BIC (DDM),Perf (nlDDM),Perf (DDM)
0,10.0,-905.6125224910095,-848.8640593179266,-1728.064159866779,-1614.5672335206132,0.0,0.0
